Craig,Cox
Lisandra,Townsend
Damian,Robertson
Charity,Armstrong
Kenneth,Craft
Colleen,Boyle
Pamela,Benjamin
Sophia,Whitley
Odette,Mullins
Brianna,Dodson
Otto,Bryant
Martina,Roy
Anthony,Haley
Len,Lloyd
Carol,Tanner
Zena,Durham
Emi,Decker
Jesse,Thornton
Avram,Richard
Iona,Ayala
Jamal,Walters
Leandra,Middleton
Baker,Swanson
Omar,Hooper
Brendan,Sandoval
Chiquita,Baldwin
Hiram,Colon
Marshall,Weiss
Hermione,Cote
Winter,Strickland
Amy,Perkins
Hashim,Heath
Brady,Joyner
Mallory,Bailey
Kellie,Huff
Ryder,Davenport
Allegra,Sullivan
Martin,Marquez
Luke,Hicks
Whilemina,Harrison
Priscilla,Roberts
Aristotle,Castro
Holly,Jimenez
Hop,Townsend
Prescott,Lowery
Lillian,Kinney
Bethany,Kim
Gabriel,Harding
Moana,Shepard
Ciara,Sawyer
Oscar,Jarvis
Yen,Cooke
Stephen,York
Naomi,Salazar
Ulric,Bender
Patience,Chan
Priscilla,Richard
Alma,Hewitt
Christian,Thompson
Scarlett,Joyce
Mary,Vincent
Grady,Booker
Jonah,Berry
May,Jordan
Haviva,Trevino
Carter,Jenkins
Raya,Clarke
Chelsea,Chaney
Jael,Moody
Noah,Hendrix
Aphrodite,Frederick
Jade,Higgins
Kimberly,Battle
Macaulay,Hendrix
Priscilla,Becker
Sybil,May
Lionel,Rios
Britanni,Mcgowan
Alvin,Meyers
Brian,Velasquez
Chava,Campbell
Baker,Battle
Ebony,Osborn
Wynter,Harding
Claire,Spears
Iris,Lindsey
Sonia,Mcintyre
April,Weber
Fuller,Hutchinson
Sade,Dennis
Kibo,Briggs
Ursula,Kidd
Leroy,Owen
Porter,Cantu
Philip,Hardy
Lila,Daugherty
Rafael,Barber
Colby,Yates
Kane,Wiley
Chava,Calderon
Rebekah,Frost
Adele,Wyatt
Colby,Scott
Lavinia,Cherry
Margaret,Cabrera
Brenden,Kidd
Hope,Byers
Mercedes,Hardy
MacKensie,Cobb
Maryam,Frye
Jena,Copeland
Tatiana,Curry
Ferris,Montoya
Fay,Sparks
Mannix,Riley
Sloane,Rosales
Bradley,Bray
Garrett,Miles
Maryam,Saunders
Joelle,Mccall
Kalia,Ellison
Heather,Zamora
Maggy,House
Camille,Fry
Tyler,Dorsey
Evelyn,Barrett
Ariana,Francis
Irma,Sweeney
Orson,Dennis
Anika,Levine
Piper,Harrington
Callie,Barrett
Rose,Donaldson
Rahim,Moses
Heather,Lang
Vance,Jones
Vernon,Hernandez
Ruth,Frazier
Isabella,Schneider
Sylvester,Rodriquez
Ruby,Fowler
Daria,Wallace
Hilel,Noel
Linus,Hardin
Dale,Stone
Tana,Rocha
Brady,Ayala
Eagan,Riggs
Carl,Grant
Zelenia,Fry
Declan,Dejesus
Remedios,Figueroa
Myra,Everett
Basil,Benson
Jason,Mccall
Alana,Gay
Vera,Barrett
Kato,Parrish
Blake,Swanson
Byron,Craft
Nissim,Cooper
Karen,Pickett
Rogan,Ortiz
Dillon,Cote
Hasad,Mullen
Donna,Maddox
Troy,Patton
Kimberley,Shepherd
Jasmine,Schwartz
Kennedy,Hammond
Damian,Glass
Kay,Bolton
Ivor,Thomas
Sheila,Norman
Mohammad,Carver
Nyssa,Hickman
Chadwick,Berg
Shad,Hopper
Autumn,Charles
Hyacinth,Ramirez
Medge,Koch
Camilla,Hensley
Mira,Odom
Callie,Brock
Stephanie,Mckenzie
Shea,Acevedo
Rachel,Smith
Hadassah,Nieves
Scarlett,Herring
Olga,Skinner
Paloma,Davidson
Megan,Hebert
Sophia,Cooley
Shafira,Zimmerman
Porter,Chambers
Joelle,Brady
Iris,Moon
Hedy,Morton
Chanda,Guthrie
Charde,Sargent
Claire,Sherman
Quinn,Levy
Vincent,Dunlap
Kaden,Hunter
Lila,Park
Laura,Cotton
Latifah,Zamora
Wylie,Sharpe
Gwendolyn,Flores
Omar,Ellis
Tallulah,Shepard
Keaton,Ellison
Warren,Roberts
Keith,Castro
Dillon,Douglas
Hilel,Mcbride
Hanna,Hunter
Ryder,Moore
Unity,Battle
Yolanda,Le
Elmo,Black
Orli,Gross
Jonas,Wilson
Kelsie,Knowles
John,Richard
Phoebe,Macdonald
Azalia,Weiss
Nigel,Mcclure
Noel,Bolton
Aileen,Jones
Remedios,Nicholson
Lydia,Allen
Carson,Pratt
Scarlett,Baxter
Sharon,Keith
Ahmed,Delaney
Marshall,Haynes
Molly,Fletcher
Scarlet,Foster
Aubrey,Horton
Anne,Avila
Nayda,Bray
Judah,Marquez
Armando,Buchanan
Galvin,Perry
Kimberly,Burke
Roary,Mccullough
Velma,Serrano
Lenore,Calhoun
Mannix,Mcdowell
Rosalyn,Tran
Regan,Tyson
Callie,Golden
Rogan,Henson
Nola,Walters
Sara,Macias
Marah,Avila
Lynn,Peterson
Amity,Duke
Ivan,Swanson
Shaeleigh,Gamble
Tana,Blevins
Uriah,Salinas
Cameron,Morrow
Colton,Rodgers
Derek,Ferguson
Elton,Browning
Zia,Reyes
Nayda,Hunter
Ocean,Francis
Sonya,Olsen
Xenos,Greene
Gay,Walsh
Howard,Bauer
Alexander,Huff
Calvin,Ortega
Montana,Malone
Amal,Ruiz
Ashton,Weaver
Shaine,Baird
Gavin,Buck
Jaden,Macias
Jordan,Davidson
Philip,Freeman
Madeson,Noel
Kasper,Dyer
Kennan,Collier
Gwendolyn,Walls
Christen,Armstrong
Taylor,Acosta
Madison,Copeland
Ima,Mcneil
Jorden,Mcintosh
Xena,Henry
Gannon,Mendez
Colleen,Pierce
Christopher,Hopkins
Cynthia,Mccarty
Idona,Reed
Abbot,Hutchinson
Uriah,Mueller
Kylan,Rodriguez
Travis,Andrews
Elmo,Ryan
Bree,Velazquez
Violet,Willis
Hanna,Todd
Shelley,Koch
Boris,Mccullough
Barry,Barton
Baker,Cannon
Gabriel,Fisher
Evangeline,Allen
Galvin,Wheeler
Wade,Sharp
Arthur,Bowen
Simon,Hernandez
Vera,Franklin
Jamalia,Carson
Jescie,Joyce
Madison,Hickman
Dennis,Fulton
Phyllis,Ayala
Cally,Drake
Rajah,Hubbard
Odessa,Ballard
Shoshana,Reese
Joelle,Arnold
Jamalia,Elliott
Lacy,Barry
Curran,Durham
Fleur,Stout
Edward,Simmons
Lynn,Huber
Isaiah,Bryan
Jeremy,Church
Lucius,Sloan
Kristen,Delaney
Daquan,Kemp
Talon,Johnston
Leandra,Reilly
Connor,Miranda
Stephanie,Carrillo
Fredericka,Burton
Kato,Cherry
Odette,Ortega
Marshall,Stark
Hop,Gilbert
Charissa,Austin
Tamara,Hernandez
Bo,Caldwell
Nolan,Frank
Brent,Phelps
Heidi,Hawkins
Sacha,Summers
May,Mckay
Kendall,Stuart
Cody,Weber
Dawn,Deleon
Suki,Whitfield
Barbara,Gamble
Quamar,Nielsen
Glenna,Blevins
Gemma,Osborne
Adena,Sampson
Margaret,Langley
Zoe,Rodgers
Florence,Mayo
Graham,Roach
Hayfa,Strickland
Ross,Abbott
Nasim,Bauer
Leilani,Patton
Stone,Dorsey
Seth,Leblanc
Lucian,Gonzalez
Brock,Johns
Miriam,Martin
Clark,Nolan
India,Nicholson
Jacob,Bennett
MacKensie,Stewart
Colorado,Cherry
Chloe,Sampson
Merrill,Booker
Harrison,Griffith
Nola,Richmond
Britanney,Crawford
Rowan,Fleming
Blaine,Madden
Kareem,Norman
Ciaran,Atkinson
Candice,Stevenson
Kelsey,Browning
Keefe,Mathews
Lacy,Drake
Haviva,David
Cassady,Crawford
Kendall,Melendez
Nola,Austin
Rosalyn,Hutchinson
Bert,Terrell
Chaney,Ortega
Randall,Mercer
Xavier,Santiago
Mercedes,Mosley
Quin,Johnson
Kasimir,Hodges
Bryar,Mullen
Amity,Solis
Charles,Hawkins
Amena,Webb
Lucian,Sherman
Cruz,Carver
Bevis,Bryan
Shoshana,Hawkins
Ella,Lowery
Lucian,Pollard
Zelenia,Caldwell
Porter,Mcclure
Alea,Hamilton
Gray,Goodman
Shelby,Patterson
Tashya,Herring
Stacey,Armstrong
Nora,Walter
Tad,Solomon
Xaviera,Wooten
Freya,Abbott
Jayme,Justice
Adara,Frost
Amery,Love
Selma,Beck
Wang,Weaver
Lana,Flores
Jayme,Bradshaw
Warren,Charles
Chadwick,Craig
Martin,Short
Britanni,Olsen
Deirdre,Allison
Medge,Dixon
Chloe,Cantu
Sydnee,Huff
Rhonda,Olson
Veda,Shelton
Akeem,Hubbard
Blythe,Park
Pandora,Gamble
Channing,Carlson
Dacey,Alexander
Jaquelyn,Lindsay
Lillian,Floyd
Willa,Sosa
Basia,Ward
Bell,Gates
Keane,Riley
Gareth,Bailey
Madison,Wyatt
Carlos,Flores
David,Clements
Garrett,Stephens
Mercedes,Morse
Josiah,Patel
Maggy,Owen
Hammett,Sexton
Anne,Rivas
Hayes,Mckee
Paki,Cochran
Ariana,Flynn
Jessica,Wallace
Cadman,Hurley
Karina,Shelton
Karly,Mcpherson
Hillary,Shaw
Jasper,Larson
Kathleen,Clay
Ima,Sutton
Sheila,May
Alexa,Adkins
Dora,Chavez
Sonia,Kennedy
Colby,Simpson
Alana,Bass
Bevis,Flynn
Adrian,Brock
Caldwell,Cantrell
Kato,Williams
Melinda,Lindsay
Amber,Poole
Alice,Pugh
Jamal,Bray
Abel,Spencer
Dillon,Moran
Haley,Green
Whilemina,Bowen
Jana,Santana
Colt,Dudley
Penelope,Gibson
Tamekah,Evans